trackId,price
1,0.5
2,1.75
3,1.75
4,1.75
5,1.99
6,0.25
7,1.25
8,0.99
9,1.75
10,1.75
11,1.75
12,1.25
13,0.5
14,1.25
15,0.99
16,0.99
17,0.5
18,0.25
19,1.75
20,1.75
21,0.25
22,0.99
23,1.75
24,0.25
25,1.99
26,0.25
27,0.5
28,1.25
29,1.99
30,0.25
31,1.25
32,1.75
33,1.25
34,1.75
35,1.99
36,1.75
37,1.99
38,1.99
39,0.25
40,0.5
41,1.75
42,1.99
43,0.99
44,0.5
45,1.25
46,0.5
47,1.75
48,1.99
49,1.99
50,0.5
51,0.5
52,1.25
53,0.5
54,0.99
55,1.25
56,1.75
57,1.99
58,0.99
59,0.25
60,0.99
61,1.99
62,1.25
63,1.25
64,1.75
65,1.25
66,1.25
67,0.5
68,0.99
69,0.99
70,0.99
71,0.5
72,1.25
73,1.25
74,0.99
75,0.25
76,1.25
77,1.99
78,0.99
79,0.5
80,1.75
81,1.25
82,0.5
83,0.25
84,0.25
85,1.25
86,0.5
87,0.99
88,0.99
89,1.75
90,1.75
91,1.25
92,1.25
93,0.5
94,1.75
95,0.5
96,0.5
97,0.99
98,1.99
99,0.99
100,1.99
101,1.99
102,0.5
103,1.99
104,0.99
105,0.99
106,1.75
107,1.25
108,1.75
109,1.25
110,0.99
111,1.99
112,1.99
113,1.99
114,1.99
115,0.25
116,0.99
117,1.75
118,1.99
119,1.75
120,0.25
121,1.75
122,1.25
123,0.25
124,1.25
125,1.99
126,0.25
127,0.25
128,1.25
129,1.75
130,1.75
131,1.99
132,1.99
133,0.99
134,0.99
135,0.25
136,0.25
137,0.5
138,0.99
139,1.25
140,0.25
141,1.99
142,0.99
143,1.75
144,1.99
145,0.25
146,0.99
147,0.99
148,1.25
149,0.25
150,0.25
151,1.75
152,1.75
153,0.25
154,1.75
155,0.99
156,1.25
157,0.5
158,0.99
159,0.99
160,1.25
161,1.99
162,1.25
163,1.25
164,0.99
165,0.25
166,1.25
167,1.99
168,1.25
169,0.5
170,1.75
171,0.99
172,1.99
173,0.25
174,0.99
175,0.25
176,1.75
177,0.25
178,1.25
179,0.25
180,1.25
181,0.25
182,0.5
183,1.75
184,1.75
185,1.99
186,1.25
187,1.99
188,0.99
189,0.25
190,0.5
191,1.99
192,1.25
193,0.25
194,0.5
195,1.25
196,0.99
197,0.5
198,1.99
199,1.99
200,0.99
201,0.99
202,0.5
203,0.5
204,1.25
205,1.75
206,0.99
207,1.75
208,1.25
209,1.25
210,1.75
211,0.25
212,0.99
213,1.75
214,1.99
215,0.25
216,1.75
217,0.5
218,1.75
219,1.25
220,0.25
221,0.25
222,1.75
223,1.75
224,1.75
225,1.99
226,1.25
227,0.25
228,1.99
229,1.25
230,1.75
231,0.25
232,1.75
233,0.99
234,0.5
235,1.25
236,0.25
237,0.99
238,1.99
239,1.99
240,1.99
241,1.75
242,1.25
243,1.99
244,0.25
245,1.25
246,0.5
247,0.99
248,0.99
249,0.5
250,0.5
251,0.25
252,0.5
253,0.99
254,1.25
255,0.99
256,1.99
257,1.25
258,1.75
259,0.25
260,1.99
261,1.99
262,0.99
263,1.25
264,1.25
265,0.99
266,1.25
267,0.99
268,0.5
269,1.75
270,0.25
271,0.5
272,1.99
273,1.75
274,1.75
275,0.5
276,1.75
277,0.25
278,0.25
279,1.99
280,1.75
281,0.5
282,1.99
283,1.25
284,1.25
285,0.99
286,1.75
287,0.99
288,1.99
289,0.5
290,0.25
291,1.99
292,0.5
293,0.25
294,1.99
295,1.99
296,1.99
297,0.25
298,0.99
299,0.25
300,1.25
301,1.75
302,1.99
303,0.5
304,0.25
305,0.5
306,0.5
307,1.75
308,0.25
309,0.99
310,0.99
311,0.99
312,0.99
313,0.25
314,0.99
315,0.25
316,0.5
317,1.25
318,1.75
319,0.99
320,1.25
321,1.25
322,1.25
323,1.75
324,1.99
325,1.75
326,1.99
327,0.25
328,1.25
329,1.25
330,0.5
331,1.75
332,0.25
333,1.25
334,1.99
335,0.25
336,0.25
337,1.75
338,1.99
339,0.99
340,1.25
341,1.99
342,1.99
343,1.25
344,0.25
345,1.25
346,0.99
347,0.25
348,0.5
349,1.99
350,1.25
351,0.5
352,0.5
353,1.75
354,0.5
355,1.75
356,1.25
357,0.99
358,0.25
359,1.25
360,0.5
361,1.99
362,1.99
363,0.99
364,1.99
365,1.25
366,0.99
367,1.75
368,0.5
369,1.99
370,0.99
371,1.75
372,1.75
373,0.99
374,1.25
375,0.5
376,0.25
377,0.5
378,1.25
379,1.99
380,0.5
381,0.5
382,1.25
383,1.25
384,1.25
385,0.25
386,0.25
387,1.75
388,0.5
389,1.25
390,1.75
391,0.99
392,0.5
393,1.75
394,0.99
395,0.99
396,1.75
397,1.99
398,1.99
399,1.25
400,0.25
401,0.25
402,1.75
403,0.5
404,1.75
405,0.25
406,0.99
407,1.25
408,1.25
409,1.99
410,1.25
411,1.75
412,1.75
413,0.25
414,1.75
415,0.99
416,1.25
417,0.25
418,1.75
419,1.25
420,0.5
421,0.99
422,0.99
423,0.25
424,0.5
425,1.99
426,0.99
427,0.99
428,1.75
429,1.99
430,1.99
431,1.99
432,1.75
433,1.99
434,1.99
435,0.25
436,0.99
437,0.25
438,1.25
439,0.25
440,1.25
441,1.25
442,1.25
443,1.99
444,1.25
445,1.25
446,0.5
447,0.99
448,1.25
449,1.25
450,1.99
451,1.25
452,0.5
453,0.25
454,1.25
455,0.25
456,0.25
457,0.25
458,1.25
459,1.25
460,1.75
461,1.99
462,0.25
463,1.25
464,0.5
465,1.99
466,0.99
467,0.5
468,0.99
469,1.75
470,1.99
471,1.25
472,1.75
473,0.99
474,0.25
475,0.25
476,0.99
477,0.5
478,0.99
479,1.99
480,0.99
481,0.25
482,1.99
483,1.25
484,0.25
485,1.25
486,0.25
487,1.75
488,0.99
489,0.5
490,0.25
491,1.99
492,0.5
493,1.75
494,0.5
495,0.99
496,0.5
497,1.25
498,0.5
499,1.75
500,0.5
501,0.99
502,1.75
503,0.99
504,0.5
505,0.25
506,1.25
507,0.99
508,1.25
509,0.25
510,0.5
511,0.5
512,0.5
513,0.5
514,1.25
515,1.25
516,1.99
517,1.25
518,0.99
519,0.5
520,0.5
521,0.5
522,1.99
523,1.25
524,0.5
525,1.25
526,0.99
527,0.25
528,1.99
529,1.75
530,1.99
531,0.5
532,0.25
533,0.99
534,1.75
535,1.75
536,1.25
537,1.99
538,1.75
539,0.25
540,0.5
541,1.25
542,1.75
543,1.75
544,1.25
545,1.99
546,1.75
547,1.75
548,1.75
549,0.5
550,1.75
551,1.75
552,1.75
553,0.5
554,1.25
555,1.99
556,1.25
557,0.99
558,1.25
559,0.5
560,1.25
561,1.99
562,0.5
563,1.75
564,0.5
565,0.25
566,0.5
567,0.5
568,1.75
569,1.99
570,0.5
571,0.5
572,1.75
573,0.99
574,0.5
575,1.99
576,0.99
577,1.99
578,0.99
579,0.99
580,1.25
581,0.99
582,1.75
583,1.25
584,0.25
585,1.75
586,1.75
587,1.75
588,0.99
589,1.75
590,0.5
591,0.25
592,0.25
593,1.25
594,0.5
595,1.25
596,1.25
597,0.5
598,0.99
599,0.5
600,0.25
601,0.5
602,0.99
603,1.25
604,1.75
605,0.99
606,1.75
607,0.99
608,1.99
609,0.99
610,1.25
611,1.75
612,0.99
613,1.25
614,1.99
615,1.25
616,1.75
617,1.75
618,0.25
619,0.99
620,0.99
621,1.99
622,1.75
623,0.5
624,0.25
625,1.25
626,1.75
627,1.75
628,1.75
629,1.99
630,1.99
631,1.25
632,0.25
633,0.25
634,1.99
635,0.99
636,0.99
637,1.99
638,0.5
639,0.5
640,0.5
641,1.75
642,0.5
643,0.99
644,0.5
645,1.75
646,1.99
647,1.25
648,0.25
649,0.25
650,1.99
651,1.99
652,1.75
653,0.25
654,1.25
655,0.25
656,1.99
657,1.99
658,1.25
659,1.75
660,0.5
661,0.25
662,0.5
663,0.25
664,1.99
665,1.75
666,0.25
667,0.5
668,1.99
669,0.99
670,1.75
671,0.99
672,1.75
673,1.99
674,1.75
675,0.25
676,1.25
677,0.5
678,0.99
679,1.75
680,1.99
681,0.99
682,1.25
683,1.25
684,0.5
685,1.99
686,1.99
687,0.5
688,1.25
689,1.25
690,1.75
691,0.25
692,1.75
693,0.99
694,1.75
695,0.99
696,0.99
697,1.99
698,1.99
699,1.75
700,1.99
701,1.25
702,1.75
703,0.25
704,0.99
705,1.25
706,1.99
707,1.99
708,1.75
709,0.25
710,1.75
711,0.25
712,0.99
713,1.75
714,0.25
715,0.99
716,0.25
717,0.5
718,1.75
719,1.25
720,0.25
721,1.75
722,0.99
723,0.99
724,1.25
725,0.25
726,0.99
727,0.5
728,1.75
729,0.25
730,1.75
731,1.75
732,0.5
733,0.25
734,0.5
735,1.99
736,1.99
737,0.25
738,0.25
739,1.75
740,0.99
741,1.25
742,0.5
743,0.99
744,1.25
745,1.99
746,0.25
747,1.99
748,1.99
749,0.5
750,0.99
751,1.25
752,1.25
753,0.99
754,0.5
755,0.5
756,0.99
757,1.75
758,0.99
759,1.99
760,0.99
761,1.99
762,1.75
763,1.99
764,0.25
765,0.99
766,0.5
767,1.25
768,1.99
769,0.99
770,0.5
771,1.99
772,1.75
773,0.99
774,0.25
775,0.25
776,1.99
777,1.25
778,1.75
779,1.25
780,0.25
781,0.25
782,1.25
783,1.75
784,0.5
785,1.99
786,1.25
787,0.99
788,0.5
789,0.99
790,1.75
791,0.5
792,0.5
793,1.99
794,1.25
795,1.75
796,0.25
797,1.75
798,0.5
799,0.25
800,0.25
801,1.25
802,0.99
803,1.99
804,1.25
805,1.75
806,0.99
807,0.99
808,0.25
809,0.99
810,0.25
811,1.75
812,1.75
813,1.99
814,0.99
815,1.99
816,0.99
817,1.25
818,0.25
819,0.99
820,0.99
821,1.25
822,1.99
823,1.99
824,0.99
825,0.99
826,0.25
827,1.99
828,0.99
829,0.25
830,1.99
831,1.99
832,1.25
833,0.5
834,0.5
835,0.5
836,1.99
837,0.5
838,0.99
839,0.25
840,1.25
841,0.5
842,1.99
843,0.25
844,1.75
845,1.99
846,1.25
847,0.99
848,1.75
849,1.25
850,0.99
851,0.99
852,1.75
853,1.99
854,1.75
855,1.25
856,1.99
857,0.5
858,1.75
859,1.99
860,0.25
861,1.25
862,0.99
863,0.5
864,0.5
865,0.5
866,0.99
867,0.5
868,0.5
869,1.25
870,1.99
871,1.75
872,1.75
873,0.99
874,0.5
875,1.99
876,1.99
877,0.5
878,1.25
879,0.5
880,0.99
881,1.75
882,1.99
883,1.25
884,1.25
885,1.25
886,1.25
887,0.5
888,1.75
889,1.75
890,0.5
891,0.25
892,1.99
893,1.99
894,0.5
895,1.99
896,0.25
897,1.75
898,1.25
899,1.99
900,0.25
901,0.5
902,1.75
903,0.25
904,0.5
905,0.99
906,0.99
907,1.75
908,0.5
909,1.75
910,1.25
911,0.99
912,1.25
913,1.99
914,0.99
915,0.99
916,0.25
917,1.99
918,0.25
919,1.25
920,0.99
921,0.5
922,1.75
923,1.25
924,1.25
925,0.99
926,0.25
927,0.99
928,0.5
929,0.25
930,0.5
931,1.25
932,0.25
933,0.99
934,0.5
935,0.99
936,1.25
937,0.5
938,0.25
939,1.99
940,0.5
941,0.99
942,1.25
943,1.99
944,0.99
945,1.99
946,1.99
947,1.99
948,0.25
949,0.5
950,0.25
951,1.75
952,0.5
953,0.99
954,1.99
955,0.5
956,0.99
957,1.75
958,1.25
959,1.99
960,0.99
961,1.25
962,1.75
963,1.25
964,0.99
965,0.25
966,1.75
967,0.25
968,0.99
969,0.99
970,1.25
971,0.5
972,1.99
973,0.25
974,1.25
975,0.99
976,1.75
977,0.99
978,0.99
979,0.99
980,1.25
981,1.75
982,0.99
983,0.99
984,0.99
985,1.99
986,1.25
987,1.99
988,0.25
989,1.25
990,0.99
991,0.25
992,0.5
993,1.75
994,0.5
995,0.25
996,0.99
997,1.25
998,1.75
999,0.99
1000,1.75
1001,1.99
1002,0.5
1003,0.25
1004,0.25
1005,0.25
1006,0.25
1007,0.99
1008,1.75
1009,1.99
1010,0.25
1011,1.99
1012,0.99
1013,1.25
1014,1.99
1015,0.5
1016,0.99
1017,1.75
1018,1.75
1019,1.99
1020,0.5
1021,0.99
1022,1.99
1023,1.99
1024,1.99
1025,1.25
1026,0.5
1027,0.25
1028,0.99
1029,0.25
1030,0.5
1031,0.25
1032,0.5
1033,0.5
1034,1.99
1035,1.75
1036,1.25
1037,0.99
1038,0.99
1039,1.99
1040,0.25
1041,1.25
1042,1.25
1043,1.25
1044,0.25
1045,1.25
1046,0.99
1047,1.25
1048,1.99
1049,1.99
1050,0.99
1051,0.5
1052,0.25
1053,0.5
1054,1.75
1055,0.25
1056,1.25
1057,0.25
1058,1.75
1059,1.25
1060,1.75
1061,0.5
1062,0.99
1063,1.75
1064,0.25
1065,0.5
1066,1.25
1067,0.25
1068,0.25
1069,0.5
1070,0.25
1071,1.99
1072,1.75
1073,0.99
1074,1.99
1075,1.25
1076,0.25
1077,0.25
1078,1.25
1079,0.25
1080,0.25
1081,1.25
1082,1.75
1083,0.25
1084,0.99
1085,1.75
1086,1.99
1087,0.25
1088,1.99
1089,1.25
1090,0.25
1091,0.25
1092,1.25
1093,1.25
1094,1.25
1095,1.75
1096,1.25
1097,1.75
1098,0.5
1099,1.99
1100,0.25
1101,0.5
1102,1.99
1103,1.25
1104,1.25
1105,1.25
1106,0.25
1107,1.99
1108,0.5
1109,0.99
1110,0.5
1111,1.75
1112,0.99
1113,1.99
1114,1.25
1115,0.25
1116,0.5
1117,0.5
1118,0.5
1119,1.25
1120,1.75
1121,0.5
1122,1.99
1123,1.75
1124,1.99
1125,1.75
1126,0.25
1127,1.25
1128,0.5
1129,1.75
1130,1.75
1131,1.75
1132,0.5
1133,0.99
1134,1.99
1135,1.75
1136,0.5
1137,0.99
1138,1.25
1139,0.25
1140,1.25
1141,1.99
1142,0.99
1143,1.99
1144,0.5
1145,1.25
1146,1.99
1147,0.99
1148,1.25
1149,1.25
1150,1.25
1151,0.5
1152,0.5
1153,1.75
1154,1.75
1155,0.25
1156,0.5
1157,1.25
1158,1.25
1159,0.5
1160,1.75
1161,0.25
1162,0.99
1163,1.75
1164,1.99
1165,1.99
1166,0.5
1167,0.99
1168,0.5
1169,0.5
1170,1.25
1171,0.5
1172,0.5
1173,1.99
1174,1.75
1175,1.99
1176,1.75
1177,0.5
1178,0.99
1179,1.75
1180,1.25
1181,1.75
1182,0.5
1183,1.25
1184,0.99
1185,1.75
1186,1.99
1187,0.25
1188,1.75
1189,1.75
1190,0.5
1191,0.25
1192,0.25
1193,1.25
1194,0.99
1195,0.99
1196,1.75
1197,1.75
1198,0.99
1199,1.99
1200,0.25
1201,1.75
1202,0.25
1203,1.75
1204,0.5
1205,1.25
1206,1.99
1207,0.5
1208,1.99
1209,1.75
1210,1.25
1211,0.25
1212,0.5
1213,0.25
1214,0.25
1215,1.99
1216,0.99
1217,0.25
1218,1.75
1219,0.25
1220,0.99
1221,1.25
1222,0.25
1223,0.99
1224,1.99
1225,1.25
1226,0.99
1227,0.99
1228,1.99
1229,0.5
1230,1.25
1231,0.5
1232,0.5
1233,1.25
1234,1.99
1235,1.75
1236,1.75
1237,1.25
1238,0.5
1239,0.99
1240,0.5
1241,0.25
1242,1.25
1243,1.25
1244,0.25
1245,1.75
1246,1.99
1247,1.25
1248,0.5
1249,0.5
1250,1.75
1251,0.25
1252,1.25
1253,0.99
1254,1.25
1255,1.99
1256,0.99
1257,0.25
1258,1.99
1259,0.99
1260,0.25
1261,0.5
1262,0.25
1263,0.25
1264,1.99
1265,0.99
1266,1.99
1267,1.75
1268,1.25
1269,0.5
1270,1.75
1271,0.99
1272,0.99
1273,1.75
1274,0.5
1275,1.75
1276,1.99
1277,1.75
1278,1.99
1279,0.5
1280,0.5
1281,1.25
1282,0.25
1283,0.99
1284,1.25
1285,0.25
1286,0.5
1287,1.25
1288,0.5
1289,1.75
1290,0.5
1291,0.5
1292,0.99
1293,0.99
1294,1.25
1295,1.99
1296,0.5
1297,1.99
1298,1.99
1299,0.25
1300,0.5
1301,1.25
1302,0.25
1303,1.25
1304,1.99
1305,1.99
1306,0.5
1307,0.25
1308,0.25
1309,0.99
1310,1.75
1311,1.99
1312,0.99
1313,0.99
1314,0.99
1315,0.25
1316,1.75
1317,1.25
1318,0.99
1319,1.99
1320,0.25
1321,1.99
1322,1.25
1323,1.99
1324,1.99
1325,1.99
1326,0.99
1327,0.5
1328,0.25
1329,0.25
1330,0.25
1331,1.25
1332,0.5
1333,1.75
1334,1.25
1335,0.25
1336,1.25
1337,0.5
1338,0.99
1339,1.99
1340,0.99
1341,1.99
1342,0.25
1343,1.99
1344,0.99
1345,0.25
1346,0.99
1347,0.5
1348,0.5
1349,0.99
1350,1.25
1351,0.25
1352,0.99
1353,0.5
1354,1.25
1355,0.99
1356,1.25
1357,1.99
1358,0.99
1359,1.25
1360,0.25
1361,0.99
1362,0.99
1363,1.75
1364,1.25
1365,0.5
1366,1.99
1367,1.99
1368,1.99
1369,1.99
1370,0.25
1371,0.5
1372,1.99
1373,0.25
1374,0.25
1375,0.5
1376,0.25
1377,0.25
1378,1.99
1379,0.25
1380,1.25
1381,0.5
1382,0.5
1383,0.99
1384,0.25
1385,0.5
1386,0.5
1387,1.75
1388,0.25
1389,1.25
1390,0.25
1391,0.99
1392,0.5
1393,1.75
1394,1.99
1395,1.99
1396,0.99
1397,0.25
1398,1.75
1399,0.25
1400,1.99
1401,1.75
1402,0.25
1403,0.25
1404,1.99
1405,1.25
1406,1.75
1407,0.25
1408,0.99
1409,1.25
1410,1.99
1411,0.5
1412,1.99
1413,0.25
1414,1.25
1415,1.25
1416,1.75
1417,1.25
1418,0.5
1419,0.25
1420,1.75
1421,0.5
1422,0.99
1423,1.25
1424,1.99
1425,1.25
1426,1.25
1427,1.25
1428,1.25
1429,0.5
1430,0.5
1431,0.25
1432,1.99
1433,0.5
1434,1.25
1435,0.5
1436,1.75
1437,1.99
1438,1.99
1439,0.25
1440,0.5
1441,0.25
1442,1.75
1443,1.75
1444,1.75
1445,0.99
1446,0.25
1447,0.99
1448,0.99
1449,1.25
1450,0.99
1451,0.99
1452,1.25
1453,0.99
1454,0.25
1455,0.99
1456,0.5
1457,0.5
1458,1.75
1459,1.99
1460,1.75
1461,0.5
1462,0.5
1463,1.99
1464,1.99
1465,0.5
1466,0.5
1467,0.99
1468,1.99
1469,0.25
1470,1.25
1471,1.99
1472,1.25
1473,1.99
1474,0.99
1475,0.25
1476,1.75
1477,1.25
1478,0.25
1479,0.99
1480,0.5
1481,0.5
1482,1.25
1483,0.5
1484,0.5
1485,0.5
1486,0.25
1487,0.25
1488,1.99
1489,0.5
1490,0.5
1491,0.99
1492,1.99
1493,1.25
1494,0.25
1495,1.25
1496,1.25
1497,1.99
1498,1.75
1499,1.75
1500,0.25
1501,1.75
1502,0.5
1503,1.99
1504,1.75
1505,1.99
1506,1.99
1507,0.5
1508,1.25
1509,1.75
1510,0.99
1511,0.5
1512,1.99
1513,1.99
1514,1.75
1515,0.5
1516,0.99
1517,1.25
1518,1.25
1519,0.25
1520,1.25
1521,1.75
1522,0.5
1523,1.25
1524,1.75
1525,0.99
1526,1.25
1527,0.99
1528,0.99
1529,1.25
1530,0.5
1531,0.25
1532,0.99
1533,1.25
1534,1.25
1535,1.25
1536,1.75
1537,1.25
1538,0.25
1539,0.99
1540,1.75
1541,1.99
1542,1.25
1543,0.99
1544,1.25
1545,1.99
1546,0.99
1547,0.5
1548,0.25
1549,1.99
1550,0.5
1551,1.75
1552,1.25
1553,1.99
1554,1.75
1555,0.99
1556,1.75
1557,1.25
1558,0.99
1559,1.99
1560,1.25
1561,0.25
1562,1.75
1563,1.99
1564,0.99
1565,0.25
1566,1.25
1567,0.25
1568,1.99
1569,1.75
1570,1.25
1571,0.25
1572,1.75
1573,0.5
1574,0.99
1575,1.25
1576,0.99
1577,1.75
1578,0.25
1579,0.25
1580,0.5
1581,0.99
1582,1.99
1583,1.75
1584,1.25
1585,1.99
1586,1.75
1587,0.25
1588,0.5
1589,0.5
1590,1.75
1591,1.99
1592,0.99
1593,1.75
1594,0.99
1595,0.25
1596,1.99
1597,0.99
1598,1.99
1599,1.75
1600,0.25
1601,1.99
1602,1.25
1603,0.25
1604,0.99
1605,1.75
1606,1.75
1607,0.25
1608,1.99
1609,1.99
1610,1.99
1611,0.99
1612,0.99
1613,0.99
1614,0.25
1615,0.5
1616,0.99
1617,1.25
1618,1.99
1619,0.5
1620,1.25
1621,0.99
1622,1.25
1623,0.25
1624,1.99
1625,1.99
1626,1.99
1627,1.25
1628,0.5
1629,0.5
1630,0.25
1631,1.99
1632,0.5
1633,1.75
1634,1.75
1635,1.99
1636,1.25
1637,1.75
1638,1.25
1639,1.25
1640,0.99
1641,0.5
1642,0.99
1643,0.5
1644,0.5
1645,0.99
1646,1.75
1647,1.99
1648,0.25
1649,0.25
1650,1.99
1651,1.25
1652,0.5
1653,0.99
1654,0.5
1655,0.25
1656,0.5
1657,1.25
1658,1.99
1659,0.25
1660,0.25
1661,1.25
1662,1.25
1663,0.5
1664,0.99
1665,0.25
1666,1.99
1667,1.25
1668,0.5
1669,1.75
1670,1.25
1671,1.25
1672,1.99
1673,1.99
1674,1.99
1675,1.99
1676,0.99
1677,0.5
1678,1.25
1679,0.25
1680,0.25
1681,0.5
1682,1.25
1683,1.75
1684,1.75
1685,1.75
1686,0.99
1687,1.25
1688,0.25
1689,1.25
1690,1.99
1691,1.99
1692,0.99
1693,1.99
1694,0.99
1695,1.75
1696,1.75
1697,1.75
1698,1.99
1699,0.25
1700,1.25
1701,1.99
1702,0.5
1703,0.5
1704,1.75
1705,0.99
1706,1.25
1707,1.25
1708,1.99
1709,1.99
1710,1.25
1711,1.75
1712,0.99
1713,0.25
1714,0.25
1715,1.99
1716,0.99
1717,0.5
1718,0.5
1719,0.99
1720,0.25
1721,0.25
1722,1.99
1723,0.5
1724,1.75
1725,1.99
1726,1.75
1727,0.99
1728,0.25
1729,0.99
1730,1.75
1731,0.99
1732,1.25
1733,0.5
1734,1.99
1735,0.99
1736,0.99
1737,1.99
1738,1.75
1739,1.75
1740,1.75
1741,0.5
1742,1.25
1743,0.25
1744,1.25
1745,0.25
1746,1.99
1747,0.5
1748,0.5
1749,0.99
1750,1.99
1751,0.99
1752,0.25
1753,1.99
1754,0.25
1755,0.5
1756,1.25
1757,1.25
1758,0.99
1759,0.5
1760,1.75
1761,1.75
1762,0.5
1763,0.99
1764,1.99
1765,1.75
1766,1.75
1767,0.5
1768,0.5
1769,0.5
1770,0.5
1771,1.75
1772,0.99
1773,1.99
1774,1.99
1775,0.5
1776,0.5
1777,0.25
1778,0.5
1779,0.99
1780,0.25
1781,0.99
1782,1.75
1783,0.99
1784,1.99
1785,0.5
1786,1.99
1787,0.25
1788,1.25
1789,0.5
1790,1.75
1791,0.25
1792,1.99
1793,0.25
1794,1.75
1795,0.99
1796,0.99
1797,1.99
1798,0.25
1799,1.25
1800,0.5
1801,1.75
1802,1.75
1803,1.99
1804,0.99
1805,1.25
1806,0.25
1807,1.25
1808,1.99
1809,1.99
1810,1.99
1811,1.99
1812,0.99
1813,0.99
1814,0.25
1815,0.5
1816,0.25
1817,1.99
1818,1.99
1819,1.25
1820,1.25
1821,1.75
1822,0.99
1823,0.5
1824,0.25
1825,1.75
1826,1.75
1827,0.5
1828,0.99
1829,1.75
1830,1.99
1831,0.99
1832,0.99
1833,0.99
1834,0.99
1835,0.99
1836,0.5
1837,0.5
1838,1.99
1839,0.99
1840,1.75
1841,0.99
1842,0.5
1843,0.5
1844,0.5
1845,0.99
1846,1.75
1847,1.75
1848,1.25
1849,1.75
1850,1.75
1851,0.99
1852,0.99
1853,0.25
1854,1.75
1855,0.25
1856,1.25
1857,0.99
1858,1.99
1859,0.5
1860,0.25
1861,1.75
1862,0.99
1863,0.25
1864,1.99
1865,1.25
1866,0.99
1867,1.25
1868,0.25
1869,1.75
1870,0.25
1871,0.25
1872,1.99
1873,0.5
1874,0.5
1875,1.25
1876,0.99
1877,0.25
1878,1.25
1879,1.75
1880,1.99
1881,0.25
1882,1.75
1883,1.99
1884,1.75
1885,0.25
1886,0.5
1887,1.99
1888,1.25
1889,0.5
1890,0.25
1891,0.5
1892,1.25
1893,1.75
1894,0.25
1895,0.99
1896,0.5
1897,0.5
1898,1.99
1899,1.25
1900,1.75
1901,0.99
1902,0.5
1903,1.25
1904,1.75
1905,1.99
1906,1.75
1907,0.25
1908,0.5
1909,1.25
1910,1.99
1911,1.25
1912,1.75
1913,1.25
1914,1.25
1915,1.75
1916,1.75
1917,0.5
1918,1.99
1919,0.5
1920,0.99
1921,0.99
1922,1.75
1923,1.75
1924,0.99
1925,0.25
1926,0.25
1927,0.25
1928,1.75
1929,0.5
1930,1.75
1931,0.5
1932,1.99
1933,1.99
1934,0.99
1935,1.75
1936,1.99
1937,0.25
1938,1.25
1939,0.99
1940,1.75
1941,0.99
1942,1.25
1943,0.25
1944,0.99
1945,0.5
1946,1.99
1947,0.25
1948,0.25
1949,0.5
1950,0.99
1951,0.5
1952,0.25
1953,0.5
1954,0.25
1955,0.5
1956,1.25
1957,0.25
1958,0.5
1959,1.99
1960,0.25
1961,1.25
1962,0.5
1963,0.25
1964,1.25
1965,1.25
1966,1.25
1967,1.99
1968,0.25
1969,1.75
1970,1.99
1971,0.99
1972,1.99
1973,1.99
1974,0.99
1975,0.99
1976,1.99
1977,0.99
1978,1.99
1979,1.75
1980,1.25
1981,0.99
1982,0.25
1983,0.99
1984,0.99
1985,1.99
1986,1.99
1987,1.25
1988,1.99
1989,1.99
1990,0.99
1991,0.5
1992,0.25
1993,0.5
1994,0.25
1995,1.25
1996,0.25
1997,0.25
1998,1.75
1999,1.99
2000,0.5
2001,1.25
2002,0.25
2003,0.99
2004,0.25
2005,0.99
2006,0.5
2007,1.75
2008,1.25
2009,1.25
2010,1.75
2011,0.5
2012,1.75
2013,0.25
2014,1.99
2015,0.99
2016,0.99
2017,0.25
2018,1.75
2019,1.25
2020,1.25
2021,1.75
2022,1.25
2023,0.25
2024,1.99
2025,1.75
2026,1.25
2027,1.75
2028,0.99
2029,1.99
2030,0.25
2031,1.25
2032,0.99
2033,0.5
2034,0.25
2035,1.25
2036,0.5
2037,1.99
2038,1.75
2039,1.99
2040,0.99
2041,0.25
2042,0.99
2043,0.25
2044,0.99
2045,0.5
2046,1.99
2047,0.25
2048,1.25
2049,1.25
2050,1.75
2051,1.99
2052,1.99
2053,0.5
2054,0.99
2055,0.99
2056,1.99
2057,0.25
2058,1.75
2059,1.25
2060,0.5
2061,0.99
2062,1.75
2063,0.99
2064,0.5
2065,0.25
2066,0.25
2067,1.25
2068,1.25
2069,1.75
2070,0.5
2071,0.25
2072,0.5
2073,1.75
2074,0.25
2075,0.25
2076,1.25
2077,1.99
2078,1.75
2079,1.99
2080,0.25
2081,0.25
2082,1.75
2083,1.99
2084,0.5
2085,0.5
2086,1.99
2087,1.99
2088,0.99
2089,0.99
2090,0.99
2091,0.25
2092,1.99
2093,0.25
2094,0.99
2095,0.99
2096,1.99
2097,0.99
2098,0.99
2099,1.25
2100,0.99
2101,1.99
2102,0.5
2103,0.5
2104,0.5
2105,0.5
2106,1.99
2107,1.75
2108,1.25
2109,0.25
2110,0.25
2111,0.25
2112,1.99
2113,1.75
2114,1.25
2115,1.25
2116,0.99
2117,1.99
2118,1.75
2119,0.5
2120,0.99
2121,1.75
2122,0.25
2123,0.25
2124,0.5
2125,1.75
2126,0.5
2127,1.75
2128,0.99
2129,1.25
2130,1.75
2131,1.25
2132,1.99
2133,0.99
2134,1.99
2135,0.99
2136,1.99
2137,0.99
2138,1.25
2139,0.5
2140,0.99
2141,1.75
2142,1.25
2143,0.99
2144,1.25
2145,1.25
2146,1.75
2147,1.75
2148,1.75
2149,1.75
2150,0.5
2151,1.99
2152,0.5
2153,1.25
2154,1.25
2155,0.5
2156,0.25
2157,0.99
2158,1.25
2159,1.99
2160,0.25
2161,1.99
2162,0.99
2163,0.25
2164,0.5
2165,0.5
2166,0.99
2167,1.99
2168,0.99
2169,1.25
2170,0.25
2171,0.99
2172,0.5
2173,1.25
2174,0.25
2175,0.25
2176,1.99
2177,0.25
2178,1.75
2179,1.25
2180,0.25
2181,0.99
2182,1.75
2183,0.5
2184,0.5
2185,1.25
2186,0.5
2187,0.5
2188,0.25
2189,1.25
2190,1.99
2191,0.5
2192,0.99
2193,1.75
2194,0.5
2195,0.25
2196,1.99
2197,1.75
2198,1.99
2199,0.5
2200,0.99
2201,0.25
2202,0.5
2203,0.5
2204,1.25
2205,1.25
2206,0.5
2207,1.99
2208,1.25
2209,0.25
2210,1.25
2211,0.25
2212,1.25
2213,0.25
2214,1.75
2215,1.25
2216,0.99
2217,0.25
2218,1.25
2219,1.99
2220,1.75
2221,1.99
2222,0.5
2223,1.75
2224,0.5
2225,1.25
2226,1.75
2227,0.5
2228,0.5
2229,1.99
2230,1.99
2231,1.25
2232,1.75
2233,1.99
2234,1.25
2235,0.5
2236,0.5
2237,0.25
2238,1.25
2239,1.25
2240,1.99
2241,0.25
2242,0.25
2243,1.99
2244,0.5
2245,0.5
2246,1.75
2247,0.5
2248,0.99
2249,0.5
2250,1.25
2251,1.99
2252,1.99
2253,1.75
2254,0.99
2255,1.99
2256,0.5
2257,0.5
2258,0.5
2259,0.99
2260,0.99
2261,0.99
2262,1.99
2263,0.25
2264,1.75
2265,0.5
2266,0.25
2267,1.25
2268,0.99
2269,1.75
2270,0.25
2271,1.75
2272,1.75
2273,0.99
2274,0.99
2275,0.5
2276,0.25
2277,1.25
2278,0.25
2279,0.99
2280,1.25
2281,0.99
2282,0.5
2283,0.99
2284,1.25
2285,0.5
2286,0.25
2287,0.5
2288,0.99
2289,1.99
2290,0.5
2291,0.99
2292,1.75
2293,0.5
2294,1.99
2295,0.5
2296,1.99
2297,0.25
2298,0.99
2299,1.25
2300,1.99
2301,0.99
2302,1.99
2303,1.25
2304,1.75
2305,1.25
2306,1.99
2307,0.5
2308,1.25
2309,0.99
2310,0.99
2311,0.5
2312,1.99
2313,1.75
2314,1.99
2315,1.25
2316,1.25
2317,0.5
2318,1.75
2319,1.75
2320,1.99
2321,1.75
2322,0.5
2323,1.25
2324,1.99
2325,1.25
2326,1.75
2327,1.99
2328,0.5
2329,1.99
2330,1.75
2331,1.25
2332,1.99
2333,0.5
2334,0.25
2335,0.25
2336,1.25
2337,0.25
2338,1.75
2339,0.99
2340,1.25
2341,1.99
2342,0.99
2343,0.5
2344,1.99
2345,1.99
2346,1.25
2347,1.25
2348,0.25
2349,1.99
2350,1.75
2351,0.99
2352,0.5
2353,1.25
2354,1.99
2355,1.25
2356,1.99
2357,1.75
2358,0.5
2359,0.5
2360,1.25
2361,1.75
2362,0.5
2363,1.25
2364,1.99
2365,1.25
2366,1.75
2367,1.99
2368,1.75
2369,0.5
2370,0.5
2371,0.5
2372,0.25
2373,0.5
2374,0.99
2375,1.25
2376,1.99
2377,0.99
2378,0.5
2379,1.99
2380,1.75
2381,0.25
2382,0.99
2383,0.25
2384,1.99
2385,0.99
2386,0.5
2387,0.5
2388,1.25
2389,1.99
2390,1.25
2391,1.75
2392,0.99
2393,0.99
2394,1.75
2395,0.5
2396,1.75
2397,1.99
2398,0.25
2399,0.25
2400,0.25
2401,1.25
2402,0.99
2403,1.25
2404,1.99
2405,1.99
2406,0.25
2407,1.99
2408,0.5
2409,0.25
2410,0.25
2411,1.25
2412,1.25
2413,0.5
2414,0.5
2415,0.99
2416,0.99
2417,1.75
2418,1.25
2419,1.25
2420,1.99
2421,1.99
2422,0.5
2423,0.25
2424,1.25
2425,0.25
2426,0.25
2427,0.99
2428,1.99
2429,1.75
2430,1.25
2431,1.25
2432,0.25
2433,0.99
2434,0.25
2435,0.99
2436,1.25
2437,0.5
2438,0.99
2439,0.99
2440,1.75
2441,0.25
2442,1.99
2443,0.25
2444,0.25
2445,0.5
2446,1.25
2447,0.25
2448,0.99
2449,1.75
2450,1.25
2451,1.75
2452,1.75
2453,0.25
2454,1.75
2455,1.25
2456,0.99
2457,1.75
2458,0.5
2459,1.75
2460,0.5
2461,1.75
2462,0.99
2463,0.99
2464,1.75
2465,0.5
2466,0.25
2467,1.25
2468,0.99
2469,0.25
2470,1.99
2471,1.75
2472,1.75
2473,0.5
2474,1.25
2475,1.99
2476,1.99
2477,1.75
2478,1.99
2479,1.25
2480,0.99
2481,1.25
2482,0.99
2483,0.25
2484,1.75
2485,1.75
2486,1.99
2487,0.25
2488,1.75
2489,0.25
2490,1.75
2491,0.5
2492,1.99
2493,0.25
2494,1.75
2495,0.25
2496,0.25
2497,0.25
2498,0.99
2499,0.99
2500,1.75
2501,0.25
2502,1.25
2503,0.25
2504,0.25
2505,0.5
2506,1.25
2507,0.5
2508,0.25
2509,1.25
2510,0.5
2511,1.75
2512,0.99
2513,0.5
2514,1.75
2515,1.25
2516,0.99
2517,0.25
2518,1.25
2519,1.25
2520,0.99
2521,0.99
2522,0.99
2523,1.75
2524,0.99
2525,1.75
2526,1.75
2527,0.25
2528,1.99
2529,1.75
2530,0.5
2531,1.75
2532,0.99
2533,1.75
2534,1.75
2535,1.99
2536,0.25
2537,1.75
2538,1.75
2539,0.25
2540,1.75
2541,0.25
2542,1.99
2543,0.5
2544,0.99
2545,1.99
2546,1.99
2547,0.5
2548,0.99
2549,0.5
2550,1.99
2551,1.75
2552,0.5
2553,0.99
2554,1.25
2555,0.25
2556,1.99
2557,1.99
2558,0.5
2559,1.25
2560,0.5
2561,1.25
2562,1.99
2563,0.99
2564,0.5
2565,0.5
2566,1.99
2567,0.25
2568,1.75
2569,1.25
2570,1.75
2571,1.25
2572,1.99
2573,0.25
2574,1.99
2575,0.5
2576,0.5
2577,0.99
2578,0.25
2579,0.25
2580,1.75
2581,0.99
2582,1.25
2583,0.99
2584,0.99
2585,1.25
2586,0.25
2587,1.99
2588,1.25
2589,0.99
2590,1.25
2591,0.25
2592,1.75
2593,0.99
2594,0.99
2595,0.5
2596,0.25
2597,1.99
2598,1.25
2599,1.75
2600,0.25
2601,1.99
2602,1.25
2603,0.99
2604,1.99
2605,0.99
2606,1.99
2607,1.25
2608,0.99
2609,0.25
2610,0.25
2611,0.99
2612,1.99
2613,1.75
2614,1.99
2615,0.99
2616,1.75
2617,1.25
2618,0.25
2619,0.99
2620,1.75
2621,1.25
2622,0.5
2623,0.5
2624,0.5
2625,0.5
2626,0.99
2627,1.25
2628,1.25
2629,1.25
2630,1.99
2631,1.75
2632,1.99
2633,1.25
2634,1.99
2635,1.99
2636,0.99
2637,0.25
2638,1.99
2639,1.99
2640,0.99
2641,0.5
2642,1.75
2643,1.25
2644,0.5
2645,0.99
2646,0.25
2647,1.25
2648,0.5
2649,0.99
2650,0.25
2651,1.25
2652,1.25
2653,1.75
2654,1.99
2655,0.99
2656,1.99
2657,0.5
2658,0.25
2659,0.25
2660,1.75
2661,0.99
2662,0.25
2663,0.99
2664,1.99
2665,0.5
2666,1.75
2667,1.75
2668,1.99
2669,1.75
2670,1.99
2671,0.5
2672,1.75
2673,0.5
2674,0.5
2675,1.75
2676,1.99
2677,1.75
2678,1.25
2679,0.99
2680,1.25
2681,0.25
2682,1.75
2683,0.25
2684,0.25
2685,1.99
2686,0.99
2687,1.25
2688,0.99
2689,1.25
2690,0.25
2691,0.5
2692,1.99
2693,0.99
2694,1.75
2695,1.99
2696,1.75
2697,1.99
2698,1.25
2699,1.99
2700,0.25
2701,1.25
2702,1.25
2703,1.25
2704,1.75
2705,1.75
2706,0.99
2707,1.25
2708,0.5
2709,1.25
2710,1.99
2711,1.25
2712,0.5
2713,0.5
2714,1.75
2715,0.5
2716,1.25
2717,0.5
2718,1.75
2719,0.99
2720,1.99
2721,0.5
2722,0.5
2723,0.5
2724,1.25
2725,0.5
2726,1.75
2727,1.25
2728,0.99
2729,0.5
2730,1.75
2731,0.99
2732,1.99
2733,1.25
2734,1.75
2735,1.75
2736,0.5
2737,1.25
2738,0.5
2739,1.25
2740,1.99
2741,1.25
2742,0.25
2743,1.25
2744,0.5
2745,1.75
2746,0.5
2747,1.75
2748,0.99
2749,0.25
2750,1.75
2751,0.99
2752,1.99
2753,0.5
2754,1.25
2755,1.99
2756,0.5
2757,0.25
2758,1.75
2759,0.5
2760,1.25
2761,0.99
2762,1.75
2763,0.99
2764,0.25
2765,1.99
2766,0.25
2767,1.75
2768,0.5
2769,0.5
2770,0.25
2771,0.25
2772,1.75
2773,1.99
2774,0.25
2775,0.99
2776,1.75
2777,0.5
2778,1.25
2779,1.99
2780,0.5
2781,1.75
2782,1.99
2783,1.75
2784,0.5
2785,0.99
2786,0.5
2787,1.75
2788,0.5
2789,0.5
2790,1.99
2791,0.5
2792,0.25
2793,0.5
2794,0.25
2795,1.75
2796,0.99
2797,1.99
2798,1.99
2799,0.25
2800,1.25
2801,1.99
2802,1.99
2803,1.25
2804,0.5
2805,1.99
2806,0.25
2807,1.99
2808,0.25
2809,1.25
2810,1.75
2811,0.99
2812,1.25
2813,0.5
2814,1.75
2815,1.25
2816,1.75
2817,1.99
2818,0.5
2819,1.99
2820,1.75
2821,0.25
2822,0.99
2823,1.25
2824,1.75
2825,1.99
2826,0.5
2827,0.99
2828,0.5
2829,1.99
2830,1.99
2831,0.25
2832,0.5
2833,0.99
2834,0.5
2835,1.75
2836,0.25
2837,1.25
2838,1.25
2839,0.99
2840,0.5
2841,1.75
2842,1.25
2843,1.25
2844,0.5
2845,0.25
2846,0.5
2847,0.99
2848,0.25
2849,1.25
2850,1.75
2851,0.99
2852,1.75
2853,1.99
2854,1.25
2855,0.5
2856,0.25
2857,0.25
2858,1.75
2859,0.5
2860,1.99
2861,0.5
2862,1.75
2863,0.5
2864,0.25
2865,1.99
2866,0.99
2867,1.75
2868,1.75
2869,1.75
2870,0.25
2871,0.25
2872,1.25
2873,0.5
2874,0.5
2875,1.99
2876,0.5
2877,1.25
2878,0.5
2879,1.75
2880,1.99
2881,1.99
2882,1.75
2883,1.99
2884,1.99
2885,1.75
2886,0.99
2887,0.99
2888,0.25
2889,1.25
2890,0.25
2891,1.25
2892,0.5
2893,1.99
2894,0.5
2895,0.5
2896,0.5
2897,0.25
2898,1.25
2899,0.99
2900,1.99
2901,1.99
2902,0.5
2903,0.99
2904,1.25
2905,1.99
2906,1.25
2907,0.25
2908,0.99
2909,1.75
2910,0.99
2911,1.99
2912,1.25
2913,0.5
2914,0.25
2915,0.25
2916,1.75
2917,0.99
2918,1.99
2919,1.25
2920,1.25
2921,1.75
2922,1.25
2923,0.25
2924,1.75
2925,1.75
2926,1.75
2927,1.25
2928,0.99
2929,0.25
2930,1.75
2931,0.99
2932,0.25
2933,0.5
2934,0.99
2935,1.75
2936,0.5
2937,1.99
2938,1.75
2939,0.5
2940,0.25
2941,0.25
2942,0.99
2943,1.75
2944,1.99
2945,0.25
2946,0.25
2947,1.99
2948,0.5
2949,0.5
2950,0.5
2951,0.99
2952,0.99
2953,0.25
2954,0.5
2955,0.5
2956,1.25
2957,0.5
2958,0.25
2959,1.25
2960,1.99
2961,0.99
2962,1.25
2963,1.75
2964,0.5
2965,0.99
2966,0.99
2967,1.75
2968,0.25
2969,0.5
2970,1.99
2971,0.5
2972,0.25
2973,0.99
2974,0.25
2975,0.5
2976,1.99
2977,0.99
2978,1.99
2979,1.99
2980,1.99
2981,0.5
2982,0.25
2983,0.99
2984,0.99
2985,0.5
2986,1.99
2987,0.99
2988,0.5
2989,0.99
2990,1.75
2991,1.75
2992,1.75
2993,0.99
2994,0.5
2995,1.75
2996,1.99
2997,1.75
2998,0.99
2999,0.99
3000,0.5
3001,1.99
3002,1.25
3003,0.25
3004,1.25
3005,1.75
3006,0.5
3007,0.25
3008,0.5
3009,1.25
3010,1.75
3011,1.25
3012,0.5
3013,1.25
3014,0.99
3015,1.75
3016,0.5
3017,0.25
3018,1.25
3019,0.99
3020,0.25
3021,1.75
3022,1.25
3023,1.25
3024,1.75
3025,0.99
3026,0.25
3027,0.5
3028,1.99
3029,0.25
3030,0.99
3031,0.5
3032,0.5
3033,0.99
3034,0.5
3035,1.25
3036,1.75
3037,1.25
3038,1.75
3039,1.99
3040,0.99
3041,0.5
3042,1.99
3043,0.25
3044,0.99
3045,1.99
3046,1.99
3047,1.25
3048,1.99
3049,0.99
3050,0.99
3051,1.75
3052,1.99
3053,1.25
3054,1.99
3055,0.99
3056,1.99
3057,0.5
3058,0.25
3059,0.99
3060,1.75
3061,1.75
3062,0.25
3063,1.99
3064,0.5
3065,1.99
3066,0.99
3067,1.99
3068,0.5
3069,0.5
3070,0.5
3071,0.99
3072,1.75
3073,1.25
3074,1.75
3075,0.99
3076,0.5
3077,1.25
3078,1.25
3079,0.5
3080,1.75
3081,0.5
3082,1.75
3083,0.99
3084,0.5
3085,0.5
3086,0.99
3087,1.25
3088,0.99
3089,1.75
3090,1.75
3091,0.25
3092,0.5
3093,1.99
3094,0.99
3095,1.25
3096,1.25
3097,1.75
3098,1.99
3099,0.99
3100,1.99
3101,0.5
3102,1.99
3103,0.99
3104,0.99
3105,0.5
3106,0.99
3107,0.99
3108,0.5
3109,0.25
3110,1.75
3111,0.25
3112,1.25
3113,1.75
3114,0.99
3115,0.25
3116,1.25
3117,0.99
3118,0.99
3119,1.25
3120,1.75
3121,1.75
3122,0.99
3123,0.5
3124,0.5
3125,0.5
3126,1.99
3127,0.99
3128,1.75
3129,0.99
3130,1.75
3131,1.99
3132,1.99
3133,0.99
3134,1.25
3135,1.25
3136,1.75
3137,1.99
3138,1.75
3139,1.25
3140,0.99
3141,1.99
3142,0.99
3143,0.25
3144,1.99
3145,0.99
3146,0.25
3147,0.25
3148,0.99
3149,0.99
3150,0.5
3151,0.99
3152,1.25
3153,1.25
3154,0.99
3155,0.25
3156,0.5
3157,0.25
3158,0.99
3159,1.75
3160,1.75
3161,1.75
3162,1.75
3163,0.25
3164,1.75
3165,1.25
3166,1.75
3167,0.25
3168,1.25
3169,0.99
3170,0.5
3171,0.5
3172,0.25
3173,0.99
3174,1.99
3175,0.25
3176,1.75
3177,1.75
3178,1.99
3179,0.99
3180,1.75
3181,1.75
3182,0.99
3183,1.75
3184,1.99
3185,0.99
3186,0.25
3187,0.5
3188,1.99
3189,0.99
3190,1.99
3191,0.99
3192,0.25
3193,0.5
3194,1.99
3195,1.99
3196,1.75
3197,1.25
3198,0.5
3199,0.5
3200,1.99
3201,0.25
3202,0.25
3203,0.99
3204,1.25
3205,0.99
3206,0.25
3207,0.5
3208,0.25
3209,1.25
3210,1.25
3211,1.75
3212,0.25
3213,1.75
3214,1.75
3215,1.25
3216,0.99
3217,0.25
3218,0.99
3219,1.75
3220,1.25
3221,1.99
3222,1.75
3223,1.25
3224,1.75
3225,1.99
3226,0.5
3227,0.99
3228,1.75
3229,1.99
3230,0.5
3231,0.5
3232,0.5
3233,1.75
3234,0.5
3235,1.75
3236,1.75
3237,1.75
3238,1.75
3239,0.25
3240,0.25
3241,1.99
3242,0.25
3243,1.75
3244,0.5
3245,0.25
3246,0.25
3247,0.25
3248,0.25
3249,0.25
3250,1.75
3251,0.25
3252,1.75
3253,0.99
3254,1.25
3255,0.99
3256,0.5
3257,0.25
3258,1.99
3259,1.99
3260,1.99
3261,1.99
3262,0.99
3263,0.5
3264,1.99
3265,1.75
3266,0.99
3267,0.25
3268,1.25
3269,1.75
3270,0.25
3271,0.25
3272,1.25
3273,1.99
3274,0.99
3275,0.99
3276,0.99
3277,1.75
3278,0.25
3279,0.5
3280,1.99
3281,1.75
3282,1.25
3283,1.75
3284,1.99
3285,0.99
3286,1.99
3287,0.5
3288,0.5
3289,1.25
3290,0.25
3291,0.5
3292,0.99
3293,0.25
3294,1.99
3295,0.25
3296,0.99
3297,1.99
3298,1.25
3299,1.25
3300,0.5
3301,1.75
3302,0.99
3303,1.25
3304,1.25
3305,0.25
3306,1.75
3307,1.75
3308,0.25
3309,0.5
3310,1.75
3311,0.5
3312,0.5
3313,0.5
3314,0.5
3315,0.5
3316,0.25
3317,1.25
3318,1.99
3319,0.5
3320,0.5
3321,1.25
3322,1.99
3323,0.99
3324,1.99
3325,1.99
3326,0.5
3327,0.25
3328,0.25
3329,0.25
3330,1.99
3331,0.99
3332,1.99
3333,0.5
3334,1.25
3335,1.99
3336,0.5
3337,1.99
3338,1.99
3339,1.25
3340,1.75
3341,1.75
3342,0.5
3343,0.25
3344,1.99
3345,1.75
3346,0.5
3347,1.99
3348,0.5
3349,0.99
3350,1.25
3351,1.75
3352,1.99
3353,1.99
3354,1.25
3355,0.99
3356,1.75
3357,1.25
3358,0.5
3359,1.75
3360,1.99
3361,0.25
3362,0.25
3363,1.75
3364,0.25
3365,0.99
3366,0.5
3367,0.25
3368,1.99
3369,1.25
3370,0.99
3371,1.99
3372,0.5
3373,1.25
3374,0.99
3375,0.99
3376,0.5
3377,1.25
3378,0.25
3379,1.99
3380,0.25
3381,0.5
3382,0.5
3383,0.5
3384,1.25
3385,1.99
3386,0.99
3387,1.99
3388,1.75
3389,1.25
3390,0.25
3391,0.25
3392,1.25
3393,1.99
3394,1.25
3395,1.99
3396,1.75
3397,1.99
3398,1.25
3399,1.25
3400,0.99
3401,0.5
3402,1.99
3403,1.75
3404,1.75
3405,1.25
3406,0.5
3407,0.5
3408,1.75
3409,1.75
3410,0.5
3411,1.25
3412,0.5
3413,0.99
3414,0.5
3415,0.99
3416,1.25
3417,0.5
3418,1.99
3419,0.99
3420,1.99
3421,1.75
3422,0.5
3423,0.5
3424,1.25
3425,1.99
3426,1.99
3427,1.99
3428,1.99
3429,1.75
3430,0.99
3431,0.5
3432,0.25
3433,0.99
3434,1.75
3435,1.99
3436,0.99
3437,0.5
3438,1.75
3439,1.75
3440,1.99
3441,0.99
3442,1.75
3443,0.99
3444,1.25
3445,1.99
3446,1.99
3447,0.99
3448,1.99
3449,0.5
3450,1.25
3451,1.75
3452,0.25
3453,1.25
3454,1.75
3455,1.25
3456,0.25
3457,0.5
3458,0.5
3459,0.5
3460,1.75
3461,0.25
3462,1.75
3463,1.99
3464,0.25
3465,0.5
3466,1.25
3467,0.99
3468,0.5
3469,0.25
3470,1.25
3471,0.99
3472,0.25
3473,1.75
3474,1.75
3475,0.99
3476,1.25
3477,1.25
3478,1.25
3479,0.99
3480,1.99
3481,0.25
3482,1.75
3483,1.25
3484,1.75
3485,0.99
3486,0.25
3487,1.99
3488,1.75
3489,1.99
3490,1.25
3491,0.5
3492,0.5
3493,1.25
3494,1.25
3495,0.99
3496,0.25
3497,0.5
3498,1.25
3499,1.75
3500,0.99
3501,1.75
3502,0.5
3503,0.99
